url,kind,destination,status,redirected,finalUrl,title,canonical,h1,words
"/","home","","200","false","https://www.evnx.dev/","evnx — .env management CLI","","Stop leaking secrets.","839"
"/blog","blog","","200","false","https://www.evnx.dev/blog","Blog | evnx","","Writing.","1309"
"/blog/api-tokens-ci-what-they-unlock","blog","","200","false","https://www.evnx.dev/blog/api-tokens-ci-what-they-unlock","API Tokens for CI: What They Unlock, and What They Deliberately Don&#x27;t | evnx","","API Tokens for CI: What They Unlock, and What They Deliberately Don&#x27;t","2235"
"/blog/cloud-secrets-management-comparison-2026","blog","","200","false","https://www.evnx.dev/blog/cloud-secrets-management-comparison-2026","Choosing Your Secrets Manager: 10+ Tools Compared for Security and Scale | evnx","","Choosing Your Secrets Manager: 10+ Tools Compared for Security and Scale","5129"
"/blog/dogfooding-evnx-adding-supabase-to-our-own-website","blog","","200","false","https://www.evnx.dev/blog/dogfooding-evnx-adding-supabase-to-our-own-website","Drinking Our Own .env: How We Used evnx to Add Supabase to evnx-web | evnx","","Drinking Our Own .env: How We Used evnx to Add Supabase to evnx-web","1324"
"/blog/env-config-yaml-credentials-security-guide","blog","","200","false","https://www.evnx.dev/blog/env-config-yaml-credentials-security-guide","env vs. config.yaml vs. google-credentials.json: A Security &amp; Structure Guide | evnx","","env vs. config.yaml vs. google-credentials.json: A Security &amp; Structure Guide","2578"
"/blog/env-files-theory-best-practices","blog","","200","false","https://www.evnx.dev/blog/env-files-theory-best-practices",".env vs .env.example vs .env.production: Theory &amp; Best Practices | evnx","",".env vs .env.example vs .env.production: Theory &amp; Best Practices","3775"
"/blog/getting-started-npm-evnx-cli-nextjs","blog","","200","false","https://www.evnx.dev/blog/getting-started-npm-evnx-cli-nextjs","Getting Started with @evnx/cli: Modern Environment Management for Next.js | evnx","","Getting Started with @evnx/cli: Modern Environment Management for Next.js","1803"
"/blog/git-hooks-pre-commit-prek-evnx","blog","","200","false","https://www.evnx.dev/blog/git-hooks-pre-commit-prek-evnx","Never Commit a Secret Again: Git Hooks, pre-commit, prek, and evnx | evnx","","Never Commit a Secret Again: Git Hooks, pre-commit, prek, and evnx","4133"
"/blog/hidden-history-env-ruby-dotenv-rust-evnx","blog","","200","false","https://www.evnx.dev/blog/hidden-history-env-ruby-dotenv-rust-evnx","The Hidden History of .env: From Ruby dotenv to Rust Evnx | evnx","","The Hidden History of .env: From Ruby dotenv to Rust Evnx","1536"
"/blog/inside-evnx-crypto-the-library-that-holds-the-guarantee","blog","","200","false","https://www.evnx.dev/blog/inside-evnx-crypto-the-library-that-holds-the-guarantee","Inside evnx-crypto: The Library That Holds the Guarantee | evnx","","Inside evnx-crypto: The Library That Holds the Guarantee","2079"
"/blog/psychology-of-configuration-env-management","blog","","200","false","https://www.evnx.dev/blog/psychology-of-configuration-env-management","The Psychology of Configuration: Why Developers Hate Managing .env | evnx","","The Psychology of Configuration: Why Developers Hate Managing .env","1813"
"/blog/publishing-cli-to-winget","blog","","200","false","https://www.evnx.dev/blog/publishing-cli-to-winget","Publishing Your First CLI Tool to winget: A Complete Hands-On Guide | evnx","","Publishing Your First CLI Tool to winget: A Complete Hands-On Guide","3548"
"/blog/pydantic-settings-env-validation-evnx","blog","","200","false","https://www.evnx.dev/blog/pydantic-settings-env-validation-evnx","Stop Trusting Your .env Files Blindly: pydantic-settings + evnx for Bulletproof Config | evnx","","Stop Trusting Your .env Files Blindly: pydantic-settings + evnx for Bulletproof Config","4202"
"/blog/python-env-mastery-dotenv-pydantic","blog","","200","false","https://www.evnx.dev/blog/python-env-mastery-dotenv-pydantic","Python .env Mastery: dotenv, os.environ, and Pydantic Settings | evnx","","Python .env Mastery: dotenv, os.environ, and Pydantic Settings","2144"
"/blog/rust-env-vars-dotenvy-std-env-compile-time","blog","","200","false","https://www.evnx.dev/blog/rust-env-vars-dotenvy-std-env-compile-time","Rust CLI Apps: Mastering dotenvy, std::env, and Compile-Time env! | evnx","","Rust CLI Apps: Mastering dotenvy, std::env, and Compile-Time env!","2206"
"/blog/the-complete-rust-doc-string-guide-from-beginner-to-senior-engineer","blog","","200","false","https://www.evnx.dev/blog/the-complete-rust-doc-string-guide-from-beginner-to-senior-engineer","The Complete Rust Doc String Guide: From Beginner to Senior Engineer | evnx","","The Complete Rust Doc String Guide: From Beginner to Senior Engineer","4327"
"/blog/what-evnx-server-is-and-why-it-is-a-separate-thing","blog","","200","false","https://www.evnx.dev/blog/what-evnx-server-is-and-why-it-is-a-separate-thing","What evnx-server Is, and Why It&#x27;s a Separate Thing | evnx","","What evnx-server Is, and Why It&#x27;s a Separate Thing","1586"
"/blog/why-i-built-evnx","blog","","200","false","https://www.evnx.dev/blog/why-i-built-evnx","Why I Built evnx: The AWS Incident I Can&#x27;t Forget | evnx","","Why I Built evnx: The AWS Incident I Can&#x27;t Forget","1987"
"/blog/zero-knowledge-cloud-sync-architecture-of-secure-env-storage","blog","","200","false","https://www.evnx.dev/blog/zero-knowledge-cloud-sync-architecture-of-secure-env-storage","Zero-Knowledge Cloud Sync: Architecture of Secure Env Storage | evnx","","Zero-Knowledge Cloud Sync: Architecture of Secure Env Storage","2569"
"/changelog","marketing","","200","false","https://www.evnx.dev/changelog","Changelog | evnx","","Changelog.","832"
"/dashboard","dead-scaffold","","200","false","https://www.evnx.dev/dashboard","Dashboard | evnx","","evnx Cloud Sync","120"
"/guides","docs","https://docs.evnx.dev/","200","false","https://www.evnx.dev/guides","Guides | evnx","","Learn evnx.","1806"
"/guides/commands/add","docs","https://docs.evnx.dev/cli/commands/add","200","false","https://www.evnx.dev/guides/commands/add","evnx add | evnx","","evnx add","1260"
"/guides/commands/auth","docs","https://docs.evnx.dev/cli/commands/auth","200","false","https://www.evnx.dev/guides/commands/auth","evnx auth | evnx","","evnx auth","2309"
"/guides/commands/backup","docs","https://docs.evnx.dev/cli/commands/backup","200","false","https://www.evnx.dev/guides/commands/backup","evnx backup | evnx","","evnx backup","2260"
"/guides/commands/cloud","docs","https://docs.evnx.dev/cli/commands/cloud","200","false","https://www.evnx.dev/guides/commands/cloud","evnx cloud | evnx","","evnx cloud","2705"
"/guides/commands/completions","docs","https://docs.evnx.dev/cli/commands/completions","200","false","https://www.evnx.dev/guides/commands/completions","evnx completions | evnx","","evnx completions","856"
"/guides/commands/convert","docs","https://docs.evnx.dev/cli/commands/convert","200","false","https://www.evnx.dev/guides/commands/convert","evnx convert | evnx","","evnx convert","766"
"/guides/commands/diff","docs","https://docs.evnx.dev/cli/commands/diff","200","false","https://www.evnx.dev/guides/commands/diff","evnx diff | evnx","","evnx diff","2075"
"/guides/commands/doctor","docs","https://docs.evnx.dev/cli/commands/doctor","200","false","https://www.evnx.dev/guides/commands/doctor","evnx doctor | evnx","","evnx doctor","2793"
"/guides/commands/init","docs","https://docs.evnx.dev/cli/commands/init","200","false","https://www.evnx.dev/guides/commands/init","evnx init | evnx","","evnx init","1489"
"/guides/commands/migrate","docs","https://docs.evnx.dev/cli/commands/migrate","200","false","https://www.evnx.dev/guides/commands/migrate","evnx migrate | evnx","","evnx migrate","2422"
"/guides/commands/restore","docs","https://docs.evnx.dev/cli/commands/restore","200","false","https://www.evnx.dev/guides/commands/restore","evnx restore | evnx","","evnx restore","2484"
"/guides/commands/scan","docs","https://docs.evnx.dev/cli/commands/scan","200","false","https://www.evnx.dev/guides/commands/scan","evnx scan | evnx","","evnx scan","4745"
"/guides/commands/spec","docs","https://docs.evnx.dev/cli/commands/spec","200","false","https://www.evnx.dev/guides/commands/spec","evnx spec | evnx","","evnx spec","2293"
"/guides/commands/sync","docs","https://docs.evnx.dev/cli/commands/sync","200","false","https://www.evnx.dev/guides/commands/sync","evnx sync | evnx","","evnx sync","2447"
"/guides/commands/template","docs","https://docs.evnx.dev/cli/commands/template","200","false","https://www.evnx.dev/guides/commands/template","evnx template | evnx","","evnx template","2337"
"/guides/commands/update","docs","https://docs.evnx.dev/cli/commands/update","200","false","https://www.evnx.dev/guides/commands/update","evnx update | evnx","","evnx update","1305"
"/guides/commands/validate","docs","https://docs.evnx.dev/cli/commands/validate","200","false","https://www.evnx.dev/guides/commands/validate","evnx validate | evnx","","evnx validate","1248"
"/guides/commands/vault","docs","https://docs.evnx.dev/cli/commands/vault","200","false","https://www.evnx.dev/guides/commands/vault","evnx vault | evnx","","evnx vault","2990"
"/guides/getting-started/add-basic","docs","https://docs.evnx.dev/cli/getting-started/add-basic","200","false","https://www.evnx.dev/guides/getting-started/add-basic","Add Basics — Incrementally Build Your Environment | evnx","","Add Basics — Incrementally Build Your Environment","1545"
"/guides/getting-started/cloud-sync-quickstart","docs","https://docs.evnx.dev/cli/getting-started/cloud-sync-quickstart","200","false","https://www.evnx.dev/guides/getting-started/cloud-sync-quickstart","Cloud Sync in 10 Minutes | evnx","","Cloud Sync in 10 Minutes","1059"
"/guides/getting-started/convert-basic","docs","https://docs.evnx.dev/cli/getting-started/convert-basic","200","false","https://www.evnx.dev/guides/getting-started/convert-basic","Convert basics | evnx","","Convert basics","1266"
"/guides/getting-started/diff-basic","docs","https://docs.evnx.dev/cli/getting-started/diff-basic","200","false","https://www.evnx.dev/guides/getting-started/diff-basic","Diff Basics — Compare Environment Files | evnx","","Diff Basics — Compare Environment Files","1684"
"/guides/getting-started/init-basic","docs","https://docs.evnx.dev/cli/getting-started/init-basic","200","false","https://www.evnx.dev/guides/getting-started/init-basic","Init Basics — Start Your Project Right | evnx","","Init Basics — Start Your Project Right","1206"
"/guides/getting-started/installation","docs","https://docs.evnx.dev/cli/getting-started/installation","200","false","https://www.evnx.dev/guides/getting-started/installation","Installing evnx | evnx","","Installing evnx","1364"
"/guides/getting-started/quick-start","docs","https://docs.evnx.dev/cli/getting-started/quick-start","200","false","https://www.evnx.dev/guides/getting-started/quick-start","Quick Start | evnx","","Quick Start","1250"
"/guides/getting-started/sync-basic","docs","https://docs.evnx.dev/cli/getting-started/sync-basic","200","false","https://www.evnx.dev/guides/getting-started/sync-basic","Sync Basics — Keep .env Files in Sync | evnx","","Sync Basics — Keep .env Files in Sync","1042"
"/guides/getting-started/validate-basic","docs","https://docs.evnx.dev/cli/getting-started/validate-basic","200","false","https://www.evnx.dev/guides/getting-started/validate-basic","Validate your environment: A practical guide | evnx","","Validate your environment: A practical guide","1985"
"/guides/integrations/ci-cd-cloud-tokens","docs","https://docs.evnx.dev/cli/integrations/ci-cd-cloud-tokens","200","false","https://www.evnx.dev/guides/integrations/ci-cd-cloud-tokens","API Tokens in CI/CD | evnx","","API Tokens in CI/CD","1754"
"/guides/integrations/ci-cd-sync","docs","https://docs.evnx.dev/cli/integrations/ci-cd-sync","200","false","https://www.evnx.dev/guides/integrations/ci-cd-sync","CI/CD Integration for Sync Validation | evnx","","CI/CD Integration for Sync Validation","1989"
"/guides/integrations/github-actions","docs","https://docs.evnx.dev/cli/integrations/github-actions","200","false","https://www.evnx.dev/guides/integrations/github-actions","GitHub Actions | evnx","","GitHub Actions","1307"
"/guides/reference/changing-your-master-password","docs","https://docs.evnx.dev/cli/reference/changing-your-master-password","200","false","https://www.evnx.dev/guides/reference/changing-your-master-password","Changing your master password | evnx","","Changing your master password","1532"
"/guides/reference/cloud-architecture","docs","https://docs.evnx.dev/cli/reference/cloud-architecture","200","false","https://www.evnx.dev/guides/reference/cloud-architecture","Cloud Architecture | evnx","","Cloud Architecture","1651"
"/guides/reference/concepts-migrate-intro","docs","https://docs.evnx.dev/cli/reference/concepts-migrate-intro","200","false","https://www.evnx.dev/guides/reference/concepts-migrate-intro","How evnx migrate works | evnx","","How evnx migrate works","1492"
"/guides/reference/concepts-security-model","docs","https://docs.evnx.dev/cli/reference/concepts-security-model","200","false","https://www.evnx.dev/guides/reference/concepts-security-model","Security Model -e vnx | evnx","","Security Model -e vnx","3204"
"/guides/reference/configuration-file","docs","https://docs.evnx.dev/cli/reference/configuration-file","200","false","https://www.evnx.dev/guides/reference/configuration-file",".evnx.toml Configuration | evnx","",".evnx.toml Configuration","3188"
"/guides/reference/convert-reference","docs","https://docs.evnx.dev/cli/reference/convert-reference","200","false","https://www.evnx.dev/guides/reference/convert-reference","Convert reference | evnx","","Convert reference","1881"
"/guides/reference/deleting-your-account","docs","https://docs.evnx.dev/cli/reference/deleting-your-account","200","false","https://www.evnx.dev/guides/reference/deleting-your-account","Deleting your account | evnx","","Deleting your account","1208"
"/guides/reference/env-file-syntax","docs","https://docs.evnx.dev/cli/reference/env-file-syntax","200","false","https://www.evnx.dev/guides/reference/env-file-syntax",".env Syntax Reference | evnx","",".env Syntax Reference","1631"
"/guides/reference/environments","docs","https://docs.evnx.dev/cli/reference/environments","200","false","https://www.evnx.dev/guides/reference/environments","Environment files | evnx","","Environment files","997"
"/guides/reference/exporting-your-data","docs","https://docs.evnx.dev/cli/reference/exporting-your-data","200","false","https://www.evnx.dev/guides/reference/exporting-your-data","Exporting your data | evnx","","Exporting your data","1140"
"/guides/reference/filter-in-template","docs","https://docs.evnx.dev/cli/reference/filter-in-template","200","false","https://www.evnx.dev/guides/reference/filter-in-template","Writing Templates and Using Filters | evnx","","Writing Templates and Using Filters","3834"
"/guides/reference/init-configuration","docs","https://docs.evnx.dev/cli/reference/init-configuration","200","false","https://www.evnx.dev/guides/reference/init-configuration","Init Configuration Reference | evnx","","Init Configuration Reference","1508"
"/guides/reference/knowing-your-devices","docs","https://docs.evnx.dev/cli/reference/knowing-your-devices","200","false","https://www.evnx.dev/guides/reference/knowing-your-devices","Knowing your devices | evnx","","Knowing your devices","1649"
"/guides/reference/plan-limits","docs","https://docs.evnx.dev/cli/reference/plan-limits","200","false","https://www.evnx.dev/guides/reference/plan-limits","Plan limits | evnx","","Plan limits","1042"
"/guides/reference/sync-configuration","docs","https://docs.evnx.dev/cli/reference/sync-configuration","200","false","https://www.evnx.dev/guides/reference/sync-configuration","Sync Configuration Reference | evnx","","Sync Configuration Reference","2220"
"/guides/reference/verifying-the-round-trip","docs","https://docs.evnx.dev/cli/reference/verifying-the-round-trip","200","false","https://www.evnx.dev/guides/reference/verifying-the-round-trip","Verifying the Round Trip | evnx","","Verifying the Round Trip","2143"
"/guides/use-cases/prevent-secret-leaks","docs","https://docs.evnx.dev/cli/use-cases/prevent-secret-leaks","200","false","https://www.evnx.dev/guides/use-cases/prevent-secret-leaks","Prevent Secret Leaks | evnx","","Prevent Secret Leaks","1650"
"/guides/use-cases/sharing-a-vault-with-a-teammate","docs","https://docs.evnx.dev/cli/use-cases/sharing-a-vault-with-a-teammate","200","false","https://www.evnx.dev/guides/use-cases/sharing-a-vault-with-a-teammate","Sharing a Vault, and Taking It Back | evnx","","Sharing a Vault, and Taking It Back","1674"
"/guides/use-cases/team-collaboration","docs","https://docs.evnx.dev/cli/use-cases/team-collaboration","200","false","https://www.evnx.dev/guides/use-cases/team-collaboration","Team Collaboration with evnx sync | evnx","","Team Collaboration with evnx sync","1507"
"/guides/use-cases/use-case-aws-secret-migration","docs","https://docs.evnx.dev/cli/use-cases/use-case-aws-secret-migration","200","false","https://www.evnx.dev/guides/use-cases/use-case-aws-secret-migration","Migrating a Dockerised Django app from .env to AWS Secrets Manager | evnx","","Migrating a Dockerised Django app from .env to AWS Secrets Manager","3936"
"/guides/use-cases/use-case-init-patterns","docs","https://docs.evnx.dev/cli/use-cases/use-case-init-patterns","200","false","https://www.evnx.dev/guides/use-cases/use-case-init-patterns","Init in the Wild — Real Developer Scenarios | evnx","","Init in the Wild — Real Developer Scenarios","1756"
"/guides/use-cases/use-case-template-to-config","docs","https://docs.evnx.dev/cli/use-cases/use-case-template-to-config","200","false","https://www.evnx.dev/guides/use-cases/use-case-template-to-config","Production Use Cases — Real-World `evnx template` Workflows | evnx","","Production Use Cases — Real-World `evnx template` Workflows","3600"
"/guides/use-cases/use-cases-add-production","docs","https://docs.evnx.dev/cli/use-cases/use-cases-add-production","200","false","https://www.evnx.dev/guides/use-cases/use-cases-add-production","Production Use Cases — Real-World `evnx add` Workflows | evnx","","Production Use Cases — Real-World `evnx add` Workflows","2295"
"/guides/use-cases/use-cases-aws","docs","https://docs.evnx.dev/cli/use-cases/use-cases-aws","200","false","https://www.evnx.dev/guides/use-cases/use-cases-aws","Migrate to AWS Secrets Manager | evnx","","Migrate to AWS Secrets Manager","1023"
"/guides/use-cases/use-cases-gcp","docs","https://docs.evnx.dev/cli/use-cases/use-cases-gcp","200","false","https://www.evnx.dev/guides/use-cases/use-cases-gcp","Migrate to GCP Secret Manager | evnx","","Migrate to GCP Secret Manager","1010"
"/guides/use-cases/use-cases-github-actions","docs","https://docs.evnx.dev/cli/use-cases/use-cases-github-actions","200","false","https://www.evnx.dev/guides/use-cases/use-cases-github-actions","Migrate to GitHub Actions Secrets | evnx","","Migrate to GitHub Actions Secrets","1140"
"/guides/use-cases/use-cases-platform-secrets","docs","https://docs.evnx.dev/cli/use-cases/use-cases-platform-secrets","200","false","https://www.evnx.dev/guides/use-cases/use-cases-platform-secrets","Migrate to Platform Secret Stores | evnx","","Migrate to Platform Secret Stores","1311"
"/install","marketing","","200","false","https://www.evnx.dev/install","Install evnx | evnx","","Install evnx","302"
"/login","dead-scaffold","","200","false","https://www.evnx.dev/login","Login | evnx","","Sign In","99"
"/pricing","marketing","","200","false","https://www.evnx.dev/pricing","Pricing | evnx","","Simple, Transparent Pricing.","160"
"/testimonials","marketing","","200","false","https://www.evnx.dev/testimonials","What engineers are saying — evnx | evnx","","","142"
