url,pageviews
"/",787
"/blog",359
"/blog/env-files-theory-best-practices",99
"/guides",86
"/guides/getting-started/quick-start",57
"/guides/getting-started/installation",42
"/changelog",39
"/blog/why-i-built-evnx",37
"/blog/rust-env-vars-dotenvy-std-env-compile-time",35
"/guides/commands/add",34
"/guides/commands/scan",34
"/blog/python-env-mastery-dotenv-pydantic",34
"/testimonials",32
"/guides/commands/init",30
"/install",28
"/guides/use-cases/use-case-init-patterns",27
"/guides/commands/convert",26
"/guides/commands/sync",22
"/blog/env-config-yaml-credentials-security-guide",17
"/guides/reference/concepts-security-model",16
"/guides/use-cases/use-cases-github-actions",16
"/guides/commands/migrate",15
"/guides/use-cases/prevent-secret-leaks",15
"/blog/publishing-cli-to-winget",14
"/blog/psychology-of-configuration-env-management",14
"/guides/reference/filter-in-template",14
"/guides/getting-started/init-basic",14
"/guides/getting-started/diff-basic",14
"/guides/commands/doctor",14
"/guides/commands/template",13
"/guides/use-cases/use-cases-aws",13
"/guides/use-cases/use-case-aws-secret-migration",13
"/guides/commands/migrates",12
"/guides/commands/validate",12
"/guides/commands/restore",12
"/guides/commands/diff",12
"/blog/git-hooks-pre-commit-prek-evnx",11
"/guides/commands/initn",11
"/guides/reference/concepts-migrate-intro",11
"/guides/commands/addE",10
"/guides/commands/sync0",10
"/guides/commands/auth",10
"/guides/getting-started/add-basic",9
"/guides/commands/syncPr",9
"/blog/the-complete-rust-doc-string-guide-from-beginner-to-senior-engineer",9
"/blog/pydantic-settings-env-validation-evnx",9
"/blog/cloud-secrets-management-comparison-2026",9
"/guides/commands/template.",9
"/guides/commands/doctor7",9
"/guides/commands/initQ",9
"/guides/commands/specDeclare",8
"/guides/commands/migrateAp9",8
"/guides/commands/diffxWQ",8
"/guides/commands/init;",8
"/guides/commands/init==",8
"/blog/hidden-history-env-ruby-dotenv-rust-evnx",8
"/guides/commands/inithttps:/www.evnx.dev/guides/commands/scanSecret",8
"/guides/commands/syncW.=",8
"/guides/commands/validateP",7
"/guides/commands/validateV",7
"/guides/commands/initi",7
"/guides/commands/initm",7
"/guides/commands/spec",7
"/guides/integrations/github-actions",7
"/guides/commands/templateY&",7
"/guides/commands/restore8Z6",7
"/guides/commands/templateVw9",7
"/guides/commands/migrateB",7
"/guides/commands/cloud",7
"/blog/inside-evnx-crypto-the-library-that-holds-the-guarantee",7
"/guides/commands/restore4",7
"/guides/commands/templateF",7
"/blog/zero-knowledge-cloud-sync-architecture-of-secure-env-storage",7
"/guides/commands/backup",7
"/guides/commands/restoreG",7
"/guides/commands/scan~",7
"/guides/commands/specTL",6
"/blog/what-evnx-server-is-and-why-it-is-a-separate-thing",6
"/guides/commands/add:",6
"/guides/commands/addZ",6
"/guides/commands/backupK(v",6
"/guides/commands/convertj",6
"/guides/commands/diff&",6
"/guides/commands/diffK",6
"/guides/commands/doctor~",6
"/guides/commands/doctors-",6
"/guides/commands/init1",6
"/guides/commands/initN",6
"/guides/commands/migrateApQ",6
"/guides/commands/migrateD",6
"/guides/commands/migrateX6",6
"/guides/commands/restore8Zd",6
"/guides/commands/restoreBackup",6
"/guides/commands/restorel",6
"/guides/commands/scana",6
"/guides/commands/scanv",6
"/guides/commands/specw",6
"/guides/commands/syncc",6
"/guides/getting-started/convert-basic",6
"/guides/getting-started/sync-basic",6
"/guides/commands/templateVwQ",5
"/guides/reference/blueprints",5
"/guides/integrations/ci-cd-sync",5
"/guides/integrations/ci-cd-convert",5
"/guides/commands/vault",5
"/schema/v1",5
"/guides/commands/scann",5
"/pricing",5
"/guides/commands/migrate0",5
"/guides/use-cases/use-cases-platform-secrets",5
"/guides/use-cases/use-cases-add-production",5
"/guides/commands/restoreSchema",5
"/guides/commands/diffv",5
"/guides/commands/diffU",5
"/guides/commands/templateV",5
"/guides/commands/migrateXd",5
"/guides/commands/restorexL",4
"/guides/commands/specz",4
"/guides/commands/sync^[A-Z][A-Z0-9_]*$Overly",4
"/guides/commands/diffxW9",4
"/guides/commands/convertB",4
"/guides/concepts/migrate-intro",4
"/guides/advanced/template-syntax",4
"/guides/getting-started/sync-basics",4
"/guides/integrations/ci-cd-template",4
"/guides/integrations/terraform-tfvars",4
"/guides/reference/convert-reference",4
"/blog/api-tokens-ci-what-they-unlock",4
"/guides/commands/scanJ",4
"/guides/integrations/ci-cd-cloud-tokens",3
"/guides/commands/validateAdd",3
"/guides/integrations/gitlab-ci",3
"/guides/commands/restoreP",3
"/guides/getting-started/convert-basics",3
"/guides/use-cases/use-case-template-to-config",3
"/blog/dogfooding-evnx-adding-supabase-to-our-own-website",3
"/blog/getting-started-npm-evnx-cli-nextjs",3
"/guides/getting-started/init-basics",3
"/guides/use-cases/team-collaboration",3
"/guides/use-cases/github-actions-use-cases",3
"/guides/reference/verifying-the-round-trip",3
"/#install",3
"/guides/getting-started/validate-basic",3
"/guides/reference/parser-configuration",3
"/guides/reference/configuration-file",3
"/guides/commands/syncs",3
"/guides/reference/commands-validate",3
"/guides/use-cases/use-cases-gcp",3
"/guides/commands/migratethe",3
"/guides/getting-started/add-basics",2
"/)",2
"/guides/getting-started#ignoring-key-order-in-patch-output",2
"/guides/guides/advanced/env-file-syntax",2
"/guides/integrations/kubernetes-secrets",2
"/guides/integrations/pre-commit",2
"/guides/reference/cloud-architecture",2
"/commands/convert",2
"/guides/reference/init-configuration",2
"/guides/reference/services",2
"/guides/reference/sync-configuration",2
"/guides/secrets",2
"/guides/use-cases/aws-use-cases",2
"/guides/use-cases/config-management",2
"/guides/commands/doctorFailed",2
"/guides/commands/share",2
"/about",2
"/guides/env-example",2
"/guides/evnx",2
"/guides/getting-started/add-variables",2
"/blog#4-survey-results-the-state-of-developer-pain",1
"/guides/use-cases#-without-evnx-add-manual-approach-3",1
"/guides/getting-started#adding-real-values-to-envexample",1
"/guides/reference/schema",1
"/use-cases/add-production",1
"/guides/getting-started/adding-variables",1
"/use-cases/template-production",1
"/guides/reference#failed-to-encode-salt-for-argon2",1
"/guides/reference#related-references",1
"/guides/getting-started/cloud-sync-quickstart",1
"/guides/security/gitignore-protection",1
"/guides/security/template-secrets",1
"/guides/ci-cd",1
"/guides/commands-init",1
"/guides/use-cases/gcp-use-cases",1
"/commands/scan",1
"/blog#2-the-developer-helper-dotenvy",1
"/commands/sync",1
"/commands/migrate",1
"/guides/commands/backup#feature-flag-awareness",1
"/commands/template",1
"/guides/getting-started/diff-basics",1
"/guides/guides/getting-started/convert-basics",1
"/guides/integrations#best-practices-checklist",1
"/guides/commands/completions",1
"/guides/reference/changing-your-master-password",1
"/guides/advanced/conflict-handling",1
"/guides/getting-started#next-steps",1
"/guides/commands#verbose-debugging",1
"/blog#takeaway-actionable-steps-today",1
"/guides/getting-started#forgetting-to-update-env-after-adding-to-envexample",1
"/templates/k8s",1
"/guides/reference/deleting-your-account",1
"/guides/reference/environments",1
